GREGORY DON 574-28-3634 DON.GREGORY@FakeSchool.edu 44
ENGLAND CORY 136-95-9728 CORY.ENGLAND@FakeSchool.edu 51
KNIGHT WOODROW 334-15-4911 WOODROW.KNIGHT@FakeSchool.edu 46
SILVA DAVID 482-25-3505 DAVID.SILVA@FakeSchool.edu 38
RUSSELL DANIELLE 247-09-6149 DANIELLE.RUSSELL@FakeSchool.edu 55
BUSH JUSTIN 451-30-3555 JUSTIN.BUSH@FakeSchool.edu 36
MILLS GILBERTO 122-15-1924 GILBERTO.MILLS@FakeSchool.edu 29
MCDONALD WILLIAM 492-11-6504 WILLIAM.MCDONALD@FakeSchool.edu 45
HOWARD LOIS 102-06-4090 LOIS.HOWARD@FakeSchool.edu 55
ACEVEDO WILLIE 463-89-5218 WILLIE.ACEVEDO@FakeSchool.edu 38
WOODS JEANETTE 705-10-6190 JEANETTE.WOODS@FakeSchool.edu 27
SCHWARTZ NORMAN 869-43-1612 NORMAN.SCHWARTZ@FakeSchool.edu 53
CHAVEZ LONNIE 361-19-3743 LONNIE.CHAVEZ@FakeSchool.edu 62
DAVENPORT IGNACIO 827-50-8938 IGNACIO.DAVENPORT@FakeSchool.edu 32
PETERSEN JORDAN 417-57-3761 JORDAN.PETERSEN@FakeSchool.edu 50
PARKER HATTIE 204-04-6314 HATTIE.PARKER@FakeSchool.edu 32
WHITLEY ANDY 995-99-7783 ANDY.WHITLEY@FakeSchool.edu 52
HODGES VIRGIL 942-39-0782 VIRGIL.HODGES@FakeSchool.edu 61
HOOVER JACKIE 827-57-0234 JACKIE.HOOVER@FakeSchool.edu 34
GUERRA ESTHER 262-62-4131 ESTHER.GUERRA@FakeSchool.edu 54
SHERMAN MURIEL 788-41-9409 MURIEL.SHERMAN@FakeSchool.edu 68
JOHNS BRITTANY 420-61-3186 BRITTANY.JOHNS@FakeSchool.edu 32
HAHN LONNIE 902-92-4743 LONNIE.HAHN@FakeSchool.edu 54
BRENNAN BETSY 414-74-3429 BETSY.BRENNAN@FakeSchool.edu 61
FREDERICK OTIS 878-87-8815 OTIS.FREDERICK@FakeSchool.edu 59
MACK HARRIET 763-35-1315 HARRIET.MACK@FakeSchool.edu 55
VALENCIA LUKE 489-97-6819 LUKE.VALENCIA@FakeSchool.edu 33
WEBB DREW 716-12-4930 DREW.WEBB@FakeSchool.edu 66
FISCHER LOUIS 129-55-3574 LOUIS.FISCHER@FakeSchool.edu 48
FLYNN NEIL 285-51-9733 NEIL.FLYNN@FakeSchool.edu 43
BLACK HOWARD 581-14-8578 HOWARD.BLACK@FakeSchool.edu 37
PIERCE BRANDON 262-16-6567 BRANDON.PIERCE@FakeSchool.edu 31
RANDALL WADE 429-52-6799 WADE.RANDALL@FakeSchool.edu 35
SHEPPARD THELMA 822-70-9121 THELMA.SHEPPARD@FakeSchool.edu 30
PAGE ALISON 514-31-7346 ALISON.PAGE@FakeSchool.edu 44
PACHECO SHAWNA 784-64-1489 SHAWNA.PACHECO@FakeSchool.edu 37
KAUFMAN EDMUND 254-94-3886 EDMUND.KAUFMAN@FakeSchool.edu 29
SCHROEDER FREDA 490-58-3431 FREDA.SCHROEDER@FakeSchool.edu 23
DECKER ELIZABETH 267-63-6004 ELIZABETH.DECKER@FakeSchool.edu 43
MCCOY NEAL 828-21-7836 NEAL.MCCOY@FakeSchool.edu 59
SHIELDS FAYE 971-57-9308 FAYE.SHIELDS@FakeSchool.edu 28
ROSS WILMA 958-07-9211 WILMA.ROSS@FakeSchool.edu 33
BEST IRVIN 111-73-6972 IRVIN.BEST@FakeSchool.edu 57
COPELAND ROLANDO 903-44-4962 ROLANDO.COPELAND@FakeSchool.edu 58
FLEMING CLAUDE 278-25-7729 CLAUDE.FLEMING@FakeSchool.edu 41
RILEY CLARA 342-18-6143 CLARA.RILEY@FakeSchool.edu 36
BURKE ALLAN 467-24-2749 ALLAN.BURKE@FakeSchool.edu 44
EVERETT THELMA 427-70-1121 THELMA.EVERETT@FakeSchool.edu 57
HESTER PABLO 166-82-2837 PABLO.HESTER@FakeSchool.edu 27
HUBER PATSY 442-98-6261 PATSY.HUBER@FakeSchool.edu 61
GATES HENRIETTA 135-51-0446 HENRIETTA.GATES@FakeSchool.edu 42
HAWKINS EDUARDO 644-15-8795 EDUARDO.HAWKINS@FakeSchool.edu 30
MCLEAN DEANNA 810-66-7260 DEANNA.MCLEAN@FakeSchool.edu 59
HUFFMAN RENEE 641-53-4181 RENEE.HUFFMAN@FakeSchool.edu 59
KLEIN JERMAINE 555-43-5899 JERMAINE.KLEIN@FakeSchool.edu 52
FLOWERS ORLANDO 990-39-8831 ORLANDO.FLOWERS@FakeSchool.edu 57
ROJAS KAY 375-64-4271 KAY.ROJAS@FakeSchool.edu 37
HOLMAN ORLANDO 799-78-4831 ORLANDO.HOLMAN@FakeSchool.edu 27
TYSON BLANCHE 930-93-3320 BLANCHE.TYSON@FakeSchool.edu 30
MATHIS RAUL 829-48-2710 RAUL.MATHIS@FakeSchool.edu 42
KELLEY FREDDIE 684-19-7798 FREDDIE.KELLEY@FakeSchool.edu 45
LITTLE BOBBY 905-22-5582 BOBBY.LITTLE@FakeSchool.edu 69
MOON LEIGH 693-75-5438 LEIGH.MOON@FakeSchool.edu 48
VASQUEZ IRA 842-20-5850 IRA.VASQUEZ@FakeSchool.edu 58
SIMPSON MYRA 288-12-5384 MYRA.SIMPSON@FakeSchool.edu 36
TILLMAN BERNADETTE 768-79-1399 BERNADETTE.TILLMAN@FakeSchool.edu 28
CERVANTES ROXANNE 686-80-3388 ROXANNE.CERVANTES@FakeSchool.edu 67
BYRD LESLIE 452-26-0707 LESLIE.BYRD@FakeSchool.edu 46
BECK PAULETTE 498-29-8418 PAULETTE.BECK@FakeSchool.edu 60
KIRK PETE 648-52-5864 PETE.KIRK@FakeSchool.edu 33
LAWSON MARTY 091-19-9920 MARTY.LAWSON@FakeSchool.edu 58
NELSON TRICIA 917-03-8453 TRICIA.NELSON@FakeSchool.edu 35
MARSHALL GENEVA 617-11-8302 GENEVA.MARSHALL@FakeSchool.edu 55
MUNOZ CLARENCE 087-31-8592 CLARENCE.MUNOZ@FakeSchool.edu 39
OBRIEN LOUISE 362-28-0082 LOUISE.OBRIEN@FakeSchool.edu 39
AVILA VANESSA 145-60-8194 VANESSA.AVILA@FakeSchool.edu 58
MORROW WILMA 731-52-4211 WILMA.MORROW@FakeSchool.edu 29
BURKE AGNES 587-24-2216 AGNES.BURKE@FakeSchool.edu 69
JACOBS EUNICE 296-23-0325 EUNICE.JACOBS@FakeSchool.edu 22
SELLERS MARIANNE 406-68-8379 MARIANNE.SELLERS@FakeSchool.edu 52
WARNER ERIC 334-34-3532 ERIC.WARNER@FakeSchool.edu 40
ROSARIO KIM 623-81-9896 KIM.ROSARIO@FakeSchool.edu 46
OBRIEN SHANNON 652-28-0816 SHANNON.OBRIEN@FakeSchool.edu 32
CLARK EILEEN 411-02-0204 EILEEN.CLARK@FakeSchool.edu 45
MCINTOSH WADE 848-73-4799 WADE.MCINTOSH@FakeSchool.edu 48
SNIDER ROSIE 010-91-2322 ROSIE.SNIDER@FakeSchool.edu 51
BYERS CAMERON 563-95-1835 CAMERON.BYERS@FakeSchool.edu 56
MATTHEWS TRACY 779-16-8107 TRACY.MATTHEWS@FakeSchool.edu 44
CHERRY JOHNNIE 518-77-9772 JOHNNIE.CHERRY@FakeSchool.edu 43
MOSES BEN 904-61-9711 BEN.MOSES@FakeSchool.edu 53
COTTON HATTIE 360-85-5314 HATTIE.COTTON@FakeSchool.edu 34
WEEKS KRISTOPHER 439-71-0913 KRISTOPHER.WEEKS@FakeSchool.edu 40
ROMAN LEO 626-51-4667 LEO.ROMAN@FakeSchool.edu 55
JARVIS MORRIS 104-88-3777 MORRIS.JARVIS@FakeSchool.edu 52
DICKSON PAUL 537-79-9512 PAUL.DICKSON@FakeSchool.edu 57
LARSON MABLE 866-24-0407 MABLE.LARSON@FakeSchool.edu 59
BLEVINS ROBERTO 957-71-8685 ROBERTO.BLEVINS@FakeSchool.edu 43
FAULKNER KRISTIE 082-76-6499 KRISTIE.FAULKNER@FakeSchool.edu 53
BLAKE ANNA 193-40-2032 ANNA.BLAKE@FakeSchool.edu 50
WILLIAMS MONA 531-00-2420 MONA.WILLIAMS@FakeSchool.edu 33
TRAVIS OLIVER 051-84-0818 OLIVER.TRAVIS@FakeSchool.edu 52
NICHOLSON FAYE 285-52-1308 FAYE.NICHOLSON@FakeSchool.edu 24
ESPINOZA KRISTINE 676-52-0341 KRISTINE.ESPINOZA@FakeSchool.edu 62
HICKMAN WINIFRED 376-64-7498 WINIFRED.HICKMAN@FakeSchool.edu 54
CONNER JACKIE 716-39-2234 JACKIE.CONNER@FakeSchool.edu 57
MOORE ANGELINA 930-00-8413 ANGELINA.MOORE@FakeSchool.edu 34
PICKETT LORENE 680-84-1475 LORENE.PICKETT@FakeSchool.edu 33
BELL KELLIE 237-05-7466 KELLIE.BELL@FakeSchool.edu 61
VALENTINE LORA 673-75-0419 LORA.VALENTINE@FakeSchool.edu 23
HUNT EUGENE 921-14-7579 EUGENE.HUNT@FakeSchool.edu 24
MASON CHAD 306-13-4620 CHAD.MASON@FakeSchool.edu 56
SAUNDERS DOROTHY 886-42-0009 DOROTHY.SAUNDERS@FakeSchool.edu 63
MUNOZ JODI 469-31-8334 JODI.MUNOZ@FakeSchool.edu 39
BROWNING MARIE 766-68-3043 MARIE.BROWNING@FakeSchool.edu 50
FLETCHER AL 079-29-2934 AL.FLETCHER@FakeSchool.edu 32
RIOS CRYSTAL 571-39-1101 CRYSTAL.RIOS@FakeSchool.edu 47
GREEN WENDELL 334-03-4809 WENDELL.GREEN@FakeSchool.edu 58
DAVIDSON MANUEL 601-26-1609 MANUEL.DAVIDSON@FakeSchool.edu 32
FISHER ISRAEL 367-11-2898 ISRAEL.FISHER@FakeSchool.edu 23
LOTT DREW 715-86-2930 DREW.LOTT@FakeSchool.edu 26
HAYS JEREMY 055-91-7575 JEREMY.HAYS@FakeSchool.edu 25
MOODY LINDSEY 870-40-0300 LINDSEY.MOODY@FakeSchool.edu 49
RAYMOND HEATHER 161-90-2052 HEATHER.RAYMOND@FakeSchool.edu 31
ALFORD WENDY 918-89-3114 WENDY.ALFORD@FakeSchool.edu 48
HARDY ORA 898-30-9493 ORA.HARDY@FakeSchool.edu 45
VASQUEZ LORENZO 995-20-5838 LORENZO.VASQUEZ@FakeSchool.edu 58
TANNER MICHEAL 655-63-9646 MICHEAL.TANNER@FakeSchool.edu 52
CARLSON FRANKIE 843-25-2943 FRANKIE.CARLSON@FakeSchool.edu 41
MCDONALD BERNADETTE 282-11-6399 BERNADETTE.MCDONALD@FakeSchool.edu 54
MCNEIL GUY 495-81-0751 GUY.MCNEIL@FakeSchool.edu 43
NUNEZ MICHEAL 721-42-9646 MICHEAL.NUNEZ@FakeSchool.edu 24
STRONG MONICA 150-65-0130 MONICA.STRONG@FakeSchool.edu 25
SPEARS JODY 178-71-6931 JODY.SPEARS@FakeSchool.edu 28
NASH FELIPE 955-49-7869 FELIPE.NASH@FakeSchool.edu 69
BREWER BEULAH 891-25-0359 BEULAH.BREWER@FakeSchool.edu 45
HICKS LYNNE 665-13-0377 LYNNE.HICKS@FakeSchool.edu 48
DALTON CHARLES 456-60-7507 CHARLES.DALTON@FakeSchool.edu 57
REYNOLDS JASON 028-11-1523 JASON.REYNOLDS@FakeSchool.edu 40
HARRINGTON EMMA 039-47-7133 EMMA.HARRINGTON@FakeSchool.edu 48
OSBORNE MARCELLA 151-40-6410 MARCELLA.OSBORNE@FakeSchool.edu 41
MASSEY IRIS 446-46-8324 IRIS.MASSEY@FakeSchool.edu 22
WILDER JUNE 153-84-7175 JUNE.WILDER@FakeSchool.edu 29
CHAN GAIL 435-76-3154 GAIL.CHAN@FakeSchool.edu 29
BURTON JAN 383-22-6988 JAN.BURTON@FakeSchool.edu 55
TUCKER FRED 261-12-7570 FRED.TUCKER@FakeSchool.edu 40
FLOYD HORACE 080-40-5843 HORACE.FLOYD@FakeSchool.edu 27
HOBBS FLORENCE 122-63-7106 FLORENCE.HOBBS@FakeSchool.edu 38
FINCH BOB 758-96-0765 BOB.FINCH@FakeSchool.edu 49
VINCENT ALFREDO 435-57-8768 ALFREDO.VINCENT@FakeSchool.edu 45
ATKINS SUZANNE 754-49-9152 SUZANNE.ATKINS@FakeSchool.edu 25
BRIDGES HAROLD 842-49-5543 HAROLD.BRIDGES@FakeSchool.edu 47
SIMS ISMAEL 739-19-4928 ISMAEL.SIMS@FakeSchool.edu 28
FORBES MURIEL 506-98-2409 MURIEL.FORBES@FakeSchool.edu 43
BREWER JOY 361-25-0229 JOY.BREWER@FakeSchool.edu 47
HARPER MAE 475-18-4292 MAE.HARPER@FakeSchool.edu 37
CASEY MELODY 944-47-8348 MELODY.CASEY@FakeSchool.edu 33
MARQUEZ TRACEY 030-50-3279 TRACEY.MARQUEZ@FakeSchool.edu 54
BENSON KRISTIE 601-33-0499 KRISTIE.BENSON@FakeSchool.edu 36
CRANE LYNETTE 214-84-2434 LYNETTE.CRANE@FakeSchool.edu 48
MIRANDA KELVIN 478-63-3857 KELVIN.MIRANDA@FakeSchool.edu 38
ALEXANDER GUSTAVO 748-09-5917 GUSTAVO.ALEXANDER@FakeSchool.edu 30
CARTER KIM 606-03-9896 KIM.CARTER@FakeSchool.edu 47
CUNNINGHAM LORENE 972-17-9475 LORENE.CUNNINGHAM@FakeSchool.edu 35
VILLARREAL MARK 537-67-1513 MARK.VILLARREAL@FakeSchool.edu 47
BLAKE SEAN 354-40-2593 SEAN.BLAKE@FakeSchool.edu 30
SHERMAN VICKIE 622-41-9250 VICKIE.SHERMAN@FakeSchool.edu 34
HOLMES COLIN 595-14-4877 COLIN.HOLMES@FakeSchool.edu 59
WOODS BEVERLY 401-10-6072 BEVERLY.WOODS@FakeSchool.edu 41
FOWLER GENEVA 398-24-9302 GENEVA.FOWLER@FakeSchool.edu 34
MORSE KAYLA 156-70-8337 KAYLA.MORSE@FakeSchool.edu 38
WILLIAM DANIELLE 993-73-0149 DANIELLE.WILLIAM@FakeSchool.edu 61
ABBOTT WILLIE 836-46-2560 WILLIE.ABBOTT@FakeSchool.edu 54
GREGORY HATTIE 280-28-3314 HATTIE.GREGORY@FakeSchool.edu 30
LITTLE ELISA 020-22-5490 ELISA.LITTLE@FakeSchool.edu 59
BURNS ROSA 692-14-1111 ROSA.BURNS@FakeSchool.edu 34
RAMSEY CONRAD 293-32-6955 CONRAD.RAMSEY@FakeSchool.edu 57
SALAS MARIANNE 142-79-6379 MARIANNE.SALAS@FakeSchool.edu 36
WALLS FREDRICK 736-69-6802 FREDRICK.WALLS@FakeSchool.edu 62
CLEMENTS ALLISON 668-92-1227 ALLISON.CLEMENTS@FakeSchool.edu 64
SHARP NINA 675-33-1267 NINA.SHARP@FakeSchool.edu 69
CURRY TONYA 524-31-2208 TONYA.CURRY@FakeSchool.edu 48
MCNEIL BERNADETTE 734-81-0399 BERNADETTE.MCNEIL@FakeSchool.edu 22
MULLINS RACHAEL 897-32-9405 RACHAEL.MULLINS@FakeSchool.edu 28
SUTTON IGNACIO 907-28-2938 IGNACIO.SUTTON@FakeSchool.edu 39
HICKS ALEJANDRO 936-13-0804 ALEJANDRO.HICKS@FakeSchool.edu 47
ENGLAND KATHY 771-95-9070 KATHY.ENGLAND@FakeSchool.edu 42
BURKS CLIFTON 900-92-7778 CLIFTON.BURKS@FakeSchool.edu 34
FOWLER SARA 788-24-9083 SARA.FOWLER@FakeSchool.edu 26
WASHINGTON HOLLY 562-08-9185 HOLLY.WASHINGTON@FakeSchool.edu 59
CARLSON RUFUS 577-25-2910 RUFUS.CARLSON@FakeSchool.edu 65
TREVINO ABRAHAM 145-61-5846 ABRAHAM.TREVINO@FakeSchool.edu 59
HANSON MARLON 691-24-3996 MARLON.HANSON@FakeSchool.edu 20
SAWYER LYNN 648-51-3829 LYNN.SAWYER@FakeSchool.edu 47
GREENE AUSTIN 172-19-0800 AUSTIN.GREENE@FakeSchool.edu 57
JONES WILFRED 575-00-3935 WILFRED.JONES@FakeSchool.edu 31
HOLLOWAY PATTI 103-44-9464 PATTI.HOLLOWAY@FakeSchool.edu 42
COMBS MADELINE 788-54-2329 MADELINE.COMBS@FakeSchool.edu 42
HORNE BEN 064-77-6711 BEN.HORNE@FakeSchool.edu 34
CURTIS MARLON 162-26-9996 MARLON.CURTIS@FakeSchool.edu 55
SAMPSON BEATRICE 370-81-6169 BEATRICE.SAMPSON@FakeSchool.edu 45
SUTTON NOEL 270-28-2882 NOEL.SUTTON@FakeSchool.edu 54
CLAYTON FELICIA 065-46-7282 FELICIA.CLAYTON@FakeSchool.edu 63
UNDERWOOD KEITH 935-48-7558 KEITH.UNDERWOOD@FakeSchool.edu 32
OBRIEN JOSEPHINE 358-28-0120 JOSEPHINE.OBRIEN@FakeSchool.edu 68
DAWSON THELMA 600-30-6121 THELMA.DAWSON@FakeSchool.edu 43
SANTIAGO STEVE 075-30-7573 STEVE.SANTIAGO@FakeSchool.edu 42
MARTINEZ MYRTLE 739-01-8257 MYRTLE.MARTINEZ@FakeSchool.edu 30
BOLTON VIOLA 384-94-7243 VIOLA.BOLTON@FakeSchool.edu 38
PACHECO HELEN 785-64-1014 HELEN.PACHECO@FakeSchool.edu 50
SHEPHERD CHARLOTTE 175-56-8129 CHARLOTTE.SHEPHERD@FakeSchool.edu 32
SEARS ISRAEL 224-84-3898 ISRAEL.SEARS@FakeSchool.edu 42
MANNING MACK 377-36-1914 MACK.MANNING@FakeSchool.edu 32
WALLS NETTIE 106-69-6494 NETTIE.WALLS@FakeSchool.edu 35
LARSON JESSIE 243-24-0214 JESSIE.LARSON@FakeSchool.edu 35
BALLARD CLAY 989-43-0963 CLAY.BALLARD@FakeSchool.edu 38
MACK LETICIA 843-35-1385 LETICIA.MACK@FakeSchool.edu 55
DURAN OLGA 487-60-0276 OLGA.DURAN@FakeSchool.edu 46
CLARK DIANA 523-02-0095 DIANA.CLARK@FakeSchool.edu 27
BLANKENSHIP CLAYTON 027-61-4752 CLAYTON.BLANKENSHIP@FakeSchool.edu 53
MCKINNEY KIM 344-28-4896 KIM.MCKINNEY@FakeSchool.edu 47
HUFFMAN ERICK 776-53-4942 ERICK.HUFFMAN@FakeSchool.edu 33
PAUL CAROLE 226-40-7274 CAROLE.PAUL@FakeSchool.edu 21
WALTON KRISTI 374-37-7318 KRISTI.WALTON@FakeSchool.edu 27
HART VIRGIL 489-17-8782 VIRGIL.HART@FakeSchool.edu 54
GARCIA KATHY 448-01-7070 KATHY.GARCIA@FakeSchool.edu 33
BENTLEY JOSEPHINE 252-79-3120 JOSEPHINE.BENTLEY@FakeSchool.edu 53
RODRIGUEZ CHRISTINA 444-02-1069 CHRISTINA.RODRIGUEZ@FakeSchool.edu 27
GEORGE CHESTER 780-22-9712 CHESTER.GEORGE@FakeSchool.edu 53
BARTON KRYSTAL 137-47-4412 KRYSTAL.BARTON@FakeSchool.edu 53
MEYER LANA 864-21-5469 LANA.MEYER@FakeSchool.edu 37
BAUER LUZ 267-69-9349 LUZ.BAUER@FakeSchool.edu 41
DOMINGUEZ HOLLY 595-53-8185 HOLLY.DOMINGUEZ@FakeSchool.edu 29
CAIN SHEILA 562-48-5123 SHEILA.CAIN@FakeSchool.edu 49
MOLINA SHELIA 846-53-2373 SHELIA.MOLINA@FakeSchool.edu 37
ORTIZ PEDRO 941-11-9676 PEDRO.ORTIZ@FakeSchool.edu 38
SWANSON SAMANTHA 438-38-2176 SAMANTHA.SWANSON@FakeSchool.edu 49
BONNER CHRISTINE 044-85-4042 CHRISTINE.BONNER@FakeSchool.edu 44
ADKINS RAMON 714-39-3695 RAMON.ADKINS@FakeSchool.edu 31
LEVINE CECIL 329-94-9713 CECIL.LEVINE@FakeSchool.edu 48
HAMMOND MATTHEW 292-39-7524 MATTHEW.HAMMOND@FakeSchool.edu 29
ROMERO GENEVA 789-23-8302 GENEVA.ROMERO@FakeSchool.edu 45
DUKE ROOSEVELT 784-87-3897 ROOSEVELT.DUKE@FakeSchool.edu 49
MANNING SHERMAN 480-36-1892 SHERMAN.MANNING@FakeSchool.edu 29
LANE MAXINE 657-18-1253 MAXINE.LANE@FakeSchool.edu 23
FARRELL EUGENE 582-65-7579 EUGENE.FARRELL@FakeSchool.edu 33
PETTY KRISTIN 775-81-3213 KRISTIN.PETTY@FakeSchool.edu 48
WEST ALBERTO 599-10-8769 ALBERTO.WEST@FakeSchool.edu 44
REID CAROLE 504-23-1274 CAROLE.REID@FakeSchool.edu 25
TILLMAN STEVEN 330-79-1517 STEVEN.TILLMAN@FakeSchool.edu 57
MOSES ERVIN 037-61-9932 ERVIN.MOSES@FakeSchool.edu 32
PUCKETT ROGELIO 381-99-2947 ROGELIO.PUCKETT@FakeSchool.edu 22
GALLOWAY ANNETTE 402-82-7174 ANNETTE.GALLOWAY@FakeSchool.edu 47
GILES RENEE 938-72-8181 RENEE.GILES@FakeSchool.edu 23
ARNOLD CHRISTIE 592-16-9430 CHRISTIE.ARNOLD@FakeSchool.edu 49
WILDER DELIA 140-84-7461 DELIA.WILDER@FakeSchool.edu 38
NELSON MATHEW 646-03-8740 MATHEW.NELSON@FakeSchool.edu 34
CLEMENTS ERIK 944-92-1730 ERIK.CLEMENTS@FakeSchool.edu 54
ROACH SHAWN 234-76-1591 SHAWN.ROACH@FakeSchool.edu 40
FITZPATRICK ALTON 851-88-9860 ALTON.FITZPATRICK@FakeSchool.edu 26
THOMPSON JEANNETTE 609-01-6363 JEANNETTE.THOMPSON@FakeSchool.edu 24
TILLMAN EDMUND 549-79-1886 EDMUND.TILLMAN@FakeSchool.edu 44
KEY JUANA 127-79-5362 JUANA.KEY@FakeSchool.edu 41
YATES ALLEN 308-38-7613 ALLEN.YATES@FakeSchool.edu 53
GENTRY ANNA 235-67-3032 ANNA.GENTRY@FakeSchool.edu 39
ROSALES CESAR 676-91-3852 CESAR.ROSALES@FakeSchool.edu 56
ROJAS SHELLY 326-64-4293 SHELLY.ROJAS@FakeSchool.edu 48
JORDAN DOROTHY 709-10-9009 DOROTHY.JORDAN@FakeSchool.edu 26
KENT CHRISTY 651-67-5259 CHRISTY.KENT@FakeSchool.edu 51
MANNING JOE 742-36-1550 JOE.MANNING@FakeSchool.edu 66
AGUIRRE STEVE 007-83-2573 STEVE.AGUIRRE@FakeSchool.edu 51
HEAD ANDREA 068-96-1080 ANDREA.HEAD@FakeSchool.edu 44
BRIGGS CLYDE 535-43-7686 CLYDE.BRIGGS@FakeSchool.edu 45
HOBBS NELSON 811-63-7750 NELSON.HOBBS@FakeSchool.edu 57
ROJAS JACKIE 541-64-4234 JACKIE.ROJAS@FakeSchool.edu 31
MOSES SHIRLEY 066-61-9026 SHIRLEY.MOSES@FakeSchool.edu 47
ROACH ROBYN 287-76-1391 ROBYN.ROACH@FakeSchool.edu 61
MALDONADO JAMIE 247-38-6732 JAMIE.MALDONADO@FakeSchool.edu 50
WINTERS SHERMAN 005-66-6892 SHERMAN.WINTERS@FakeSchool.edu 40
BARNETT NADINE 317-27-4414 NADINE.BARNETT@FakeSchool.edu 32
HUMPHREY JEFFREY 156-59-8529 JEFFREY.HUMPHREY@FakeSchool.edu 25
BENTLEY ALONZO 580-79-3950 ALONZO.BENTLEY@FakeSchool.edu 29
SANCHEZ EDUARDO 631-05-1795 EDUARDO.SANCHEZ@FakeSchool.edu 40
RIGGS EDMUND 162-88-5886 EDMUND.RIGGS@FakeSchool.edu 21
CAREY MONIQUE 477-62-6333 MONIQUE.CAREY@FakeSchool.edu 25
ROGERS TRICIA 693-05-3453 TRICIA.ROGERS@FakeSchool.edu 31
RIGGS DIANE 961-88-5049 DIANE.RIGGS@FakeSchool.edu 32
WILLIAMS WENDY 416-00-2114 WENDY.WILLIAMS@FakeSchool.edu 43
DUFFY DORIS 585-88-8054 DORIS.DUFFY@FakeSchool.edu 34
JEFFERSON PETER 820-45-9542 PETER.JEFFERSON@FakeSchool.edu 51
NOEL RAYMOND 516-99-8535 RAYMOND.NOEL@FakeSchool.edu 55
BLEVINS JULIUS 668-71-8812 JULIUS.BLEVINS@FakeSchool.edu 58
PAYNE LORA 262-16-5419 LORA.PAYNE@FakeSchool.edu 58
KEITH ROGELIO 434-57-6947 ROGELIO.KEITH@FakeSchool.edu 51
BRADLEY GRETCHEN 727-18-0443 GRETCHEN.BRADLEY@FakeSchool.edu 37
BENTLEY ELIAS 000-79-3951 ELIAS.BENTLEY@FakeSchool.edu 55
ORTEGA ANNE 534-38-0084 ANNE.ORTEGA@FakeSchool.edu 30
MIDDLETON BEULAH 169-71-5359 BEULAH.MIDDLETON@FakeSchool.edu 26
LYNCH LOLA 572-23-4357 LOLA.LYNCH@FakeSchool.edu 30
BENNETT EDWIN 734-07-6633 EDWIN.BENNETT@FakeSchool.edu 31
AVERY DONNA 963-77-4016 DONNA.AVERY@FakeSchool.edu 45